Target_True,Target_Pred
52.0,59.11338
39.0,44.32503
40.0,53.265564
45.0,43.39749
81.0,87.306305
189.0,264.4067
102.0,101.345116
319.0,244.64279
43.0,51.381435
47.0,54.599995
47.0,64.542595
45.0,45.427006
49.0,58.1006
490.0,507.27725
82.0,155.87845
584.0,618.71686
104.0,79.77378
62.0,60.208164
463.0,494.48578
84.0,155.8676
534.0,422.8636
38.0,46.42449
46.0,50.824867
49.0,65.82711
45.0,45.401974
47.0,48.241703
63.0,49.89233
114.0,63.72547
388.0,388.01297
64.0,97.87928
261.0,200.00719
80.0,55.559597
55.0,55.505394
77.0,81.7599
51.0,53.705208
574.0,664.88544
76.0,112.801285
403.0,433.88007
88.0,104.15119
43.0,50.91927
68.0,61.884117
696.0,601.1437
63.0,113.18833
336.0,484.90775
59.0,50.265297
58.0,46.062103
43.0,48.820835
69.0,83.17544
48.0,57.723305
65.0,53.70093
43.0,43.79859
298.0,425.8043
66.0,94.49079
299.0,279.7734
124.0,175.51825
50.0,74.027214
419.0,422.82983
60.0,102.65775
100.0,95.17171
447.0,619.2263
70.0,133.51758
394.0,451.2538
57.0,139.36615
59.0,50.036243
83.0,83.64768
823.0,741.2536
129.0,129.24358
360.0,488.76318
51.0,46.30067
66.0,51.28056
39.0,50.297962
54.0,52.97854
51.0,58.405735
104.0,89.15573
171.0,285.1854
85.0,110.43911
193.0,231.1216
323.0,346.7398
95.0,205.56604
621.0,530.56885
52.0,75.89561
65.0,76.88417
373.0,411.18796
136.0,144.50372
459.0,411.21634
58.0,93.54044
40.0,75.747284
572.0,650.3866
157.0,148.0088
504.0,540.2087
64.0,50.866188
104.0,70.97737
65.0,59.555954
46.0,63.32429
357.0,508.02942
202.0,240.4875
236.0,140.24994
106.0,124.82053
93.0,92.90179
47.0,39.5554
710.0,637.7902
159.0,116.47232
357.0,374.1423
111.0,114.45402
65.0,62.088493
618.0,780.89606
120.0,129.6424
443.0,429.0965
43.0,46.48529
50.0,52.050632
101.0,69.775986
59.0,56.072773
84.0,62.480103
321.0,334.45413
98.0,85.52581
286.0,238.20746
62.0,72.44592
64.0,82.50056
50.0,107.7933
48.0,39.669968
58.0,51.41759
527.0,579.2174
63.0,129.12187
478.0,514.1258
105.0,108.54133
53.0,61.05521
757.0,697.77423
124.0,122.85698
352.0,379.96503
38.0,48.52866
42.0,64.63477
78.0,66.10347
191.0,255.07434
61.0,98.83015
276.0,250.35518
49.0,42.955177
63.0,59.61463
80.0,73.755486
46.0,56.728935
348.0,432.76962
245.0,162.18515
398.0,560.6086
41.0,87.44126
59.0,56.129322
54.0,78.27896
550.0,523.5321
161.0,140.73209
319.0,438.89005
45.0,41.36101
42.0,50.423306
45.0,61.840137
52.0,37.75229
48.0,48.943237
49.0,49.15859
57.0,61.961067
339.0,254.01207
40.0,88.21871
155.0,214.42308
61.0,53.36682
46.0,56.25404
46.0,67.2407
53.0,56.23479
556.0,415.18045
118.0,161.92445
474.0,550.8651
87.0,77.07124
39.0,52.7602
42.0,75.24722
411.0,387.24084
142.0,155.28893
510.0,410.72302
59.0,43.837177
115.0,71.438354
46.0,48.99851
67.0,55.750458
42.0,42.205692
495.0,349.86017
201.0,213.183
41.0,64.54362
40.0,37.08384
80.0,75.50605
50.0,54.023098
598.0,559.194
99.0,110.11139
295.0,455.53864
64.0,95.3811
48.0,70.42523
701.0,705.10065
82.0,102.66922
397.0,420.92487
42.0,39.7175
44.0,68.995155
43.0,39.387016
64.0,52.02563
45.0,53.69479
44.0,40.208363
38.0,69.09892
339.0,349.73816
103.0,78.98367
110.0,209.03223
70.0,52.333576
61.0,77.77963
466.0,614.6219
58.0,103.73337
443.0,463.61856
84.0,107.33789
58.0,48.297527
95.0,67.01075
680.0,699.09235
113.0,122.34822
375.0,417.16956
77.0,72.27634
43.0,38.834103
54.0,76.19714
325.0,364.5642
37.0,71.42605
130.0,205.4454
76.0,80.30387
40.0,56.4013
163.0,195.8603
92.0,74.14451
50.0,71.94642
578.0,602.37146
99.0,106.783806
321.0,486.09067
122.0,121.32365
58.0,68.261345
651.0,626.00726
124.0,106.71684
413.0,420.97443
81.0,68.14752
57.0,46.86565
44.0,52.894783
64.0,70.00482
288.0,326.5289
79.0,77.69605
157.0,198.98352
77.0,98.15041
43.0,56.50858
136.0,203.91006
108.0,82.25461
49.0,39.097164
508.0,554.63226
120.0,109.29313
488.0,482.96872
128.0,102.90531
58.0,44.22567
60.0,57.232475
452.0,805.94885
145.0,106.03319
366.0,445.5343
83.0,71.14422
42.0,40.68397
48.0,47.720642
72.0,66.823654
347.0,281.82516
53.0,79.45663
162.0,206.07654
56.0,64.84603
137.0,66.2169
76.0,87.63665
58.0,60.80774
556.0,574.70135
111.0,118.7352
350.0,459.13177
84.0,101.89493
49.0,63.731785
493.0,718.14417
60.0,107.90066
281.0,402.02588
41.0,47.48073
63.0,46.10784
43.0,68.1089
36.0,38.64397
40.0,52.069576
39.0,50.454826
116.0,75.840416
235.0,237.80629
149.0,86.92818
242.0,209.94897
80.0,52.19352
94.0,60.805492
85.0,77.195206
48.0,62.527336
430.0,513.932
70.0,139.3989
528.0,542.39703
92.0,81.065445
42.0,58.7591
446.0,415.67935
141.0,139.22252
363.0,491.71088
42.0,57.972824
47.0,39.172737
54.0,47.563057
43.0,50.14875
77.0,77.66449
338.0,276.30786
89.0,84.81729
142.0,235.40654
71.0,58.04211
63.0,66.51024
86.0,62.29282
392.0,439.57602
117.0,157.52974
551.0,518.13715
70.0,79.13407
97.0,64.01019
446.0,551.32385
132.0,145.54926
591.0,427.92935
43.0,47.037216
57.0,66.81835
305.0,347.08356
89.0,76.9524
194.0,201.54543
47.0,54.543232
43.0,37.59874
62.0,53.413593
131.0,103.04442
48.0,45.0216
56.0,60.186623
528.0,504.2548
67.0,102.93519
319.0,514.27625
108.0,81.13612
44.0,58.466835
660.0,730.0511
118.0,110.07123
518.0,419.82355
41.0,46.69104
78.0,70.74981
37.0,66.527306
319.0,307.4453
46.0,87.30745
150.0,222.90353
72.0,86.76283
43.0,60.21861
578.0,621.30493
87.0,114.44947
470.0,475.27695
122.0,89.97872
59.0,81.7074
883.0,844.5316
103.0,114.06053
459.0,451.85214
38.0,48.46217
86.0,69.56107
57.0,49.578205
61.0,82.95878
295.0,337.85043
51.0,73.253746
184.0,221.72423
94.0,49.509865
75.0,48.071922
76.0,96.6939
55.0,60.60483
482.0,561.86804
65.0,108.11505
651.0,494.3857
103.0,87.5339
60.0,62.602425
525.0,646.9546
58.0,105.05896
477.0,353.0671
66.0,43.944096
58.0,37.32866
53.0,68.71679
41.0,49.661766
44.0,40.778522
77.0,80.11352
295.0,345.35266
64.0,78.23506
211.0,189.09288
122.0,99.68919
53.0,62.120094
267.0,255.96823
43.0,100.02009
45.0,61.136955
552.0,624.51196
166.0,101.45675
424.0,547.715
81.0,83.259514
41.0,52.40749
649.0,672.8328
74.0,112.29494
357.0,375.5692
94.0,68.382706
60.0,48.871037
42.0,48.86335
49.0,40.253117
69.0,81.43361
395.0,301.74725
78.0,76.59524
198.0,217.03731
335.0,557.2111
105.0,127.3991
866.0,1059.765
122.0,89.3391
48.0,46.71694
76.0,80.41638
648.0,580.82794
97.0,158.51602
366.0,481.48563
97.0,93.841805
42.0,47.66918
88.0,57.101612
547.0,609.9458
111.0,107.790474
390.0,447.51508
49.0,46.140858
53.0,50.110867
48.0,71.02852
43.0,51.902508
64.0,50.03399
45.0,39.066853
109.0,89.43554
372.0,277.77686
124.0,88.54665
152.0,225.67844
140.0,119.32283
85.0,59.004623
235.0,179.26282
84.0,68.95663
65.0,66.18148
451.0,474.8034
217.0,179.69278
469.0,524.3581
61.0,89.118126
54.0,61.879505
592.0,609.57965
59.0,138.83507
542.0,486.92886
42.0,39.951622
46.0,60.61732
58.0,48.137897
39.0,42.805496
74.0,79.779785
333.0,263.15552
65.0,98.63246
289.0,212.01219
62.0,72.54302
38.0,47.24396
102.0,89.45566
100.0,67.72223
61.0,68.15318
525.0,500.9245
189.0,179.65323
670.0,556.13354
70.0,67.03531
625.0,538.6809
197.0,135.51811
553.0,545.9226
44.0,39.7981
42.0,38.98053
52.0,50.26881
67.0,66.83856
42.0,51.68269
115.0,86.68951
305.0,401.20032
85.0,75.23612
255.0,218.1272
90.0,74.243744
41.0,78.26021
131.0,78.697525
44.0,65.03925
729.0,620.16284
108.0,124.12148
412.0,445.532
57.0,107.53902
65.0,47.137978
57.0,54.083187
753.0,750.5594
153.0,142.08504
471.0,425.05307
82.0,74.78607
50.0,46.279182
62.0,52.99052
60.0,83.81001
273.0,361.7574
66.0,71.50883
208.0,207.16959
55.0,71.06895
55.0,45.321445
69.0,98.52075
75.0,101.58384
68.0,70.94997
711.0,698.9352
209.0,139.71321
355.0,474.9724
79.0,98.133804
44.0,72.93073
794.0,757.6891
118.0,123.43926
422.0,402.28894
92.0,77.33866
61.0,44.662952
45.0,45.66103
154.0,88.981415
342.0,350.0205
67.0,66.21123
242.0,220.6274
139.0,67.33704
83.0,71.984566
120.0,92.09702
45.0,63.369934
677.0,662.46716
175.0,131.25064
387.0,548.72205
72.0,108.50961
45.0,48.898876
810.0,710.9122
88.0,112.64171
434.0,422.4159
44.0,44.33064
39.0,46.901928
43.0,50.69859
60.0,77.145775
324.0,333.49008
55.0,69.148735
242.0,198.7268
76.0,60.383423
41.0,62.401546
148.0,83.93947
43.0,77.90959
699.0,580.9958
88.0,111.045944
439.0,494.36194
67.0,109.68913
39.0,47.357647
63.0,72.36893
693.0,724.91235
122.0,121.297356
423.0,392.03317
40.0,45.612644
53.0,68.262405
46.0,48.125256
116.0,79.08526
362.0,307.4713
61.0,68.70087
154.0,214.02235
48.0,50.6267
42.0,38.666386
69.0,60.359943
77.0,67.86954
501.0,544.3935
59.0,111.37835
492.0,471.6239
52.0,102.40289
66.0,49.599304
59.0,83.552765
629.0,545.17346
133.0,108.53057
350.0,379.13895
45.0,37.757645
74.0,48.579254
51.0,48.042934
48.0,38.437332
67.0,80.31433
307.0,274.89975
41.0,86.10363
196.0,265.72943
54.0,46.0001
44.0,36.396736
37.0,46.951206
58.0,63.647774
485.0,477.4585
253.0,147.70767
407.0,595.8788
117.0,94.1472
46.0,55.372253
69.0,65.35478
460.0,499.5275
116.0,139.76122
350.0,473.45706
65.0,63.712105
68.0,48.658463
63.0,47.80925
47.0,41.182823
124.0,92.096535
192.0,256.4388
53.0,85.625244
282.0,217.76111
58.0,61.28715
53.0,69.90467
452.0,433.05692
115.0,167.03345
457.0,548.44543
58.0,105.43498
40.0,58.075027
465.0,497.97195
177.0,156.78221
500.0,562.9393
58.0,74.20359
60.0,47.892155
77.0,86.19659
303.0,351.17203
111.0,75.98263
315.0,215.75098
70.0,67.40751
49.0,40.841595
158.0,94.7457
72.0,67.35103
67.0,66.35004
671.0,625.65314
94.0,110.61456
464.0,530.4504
71.0,106.763145
43.0,65.486725
715.0,723.7719
138.0,125.17922
512.0,430.45407
72.0,45.56323
44.0,39.44139
69.0,49.466637
52.0,72.21661
41.0,50.295742
46.0,40.0246
132.0,84.069244
367.0,379.73096
40.0,75.34186
169.0,192.91643
63.0,60.714172
120.0,85.73318
113.0,73.19655
683.0,604.8413
79.0,148.3367
719.0,520.5322
96.0,112.10516
40.0,57.570446
67.0,75.08523
737.0,638.8257
65.0,120.85171
441.0,407.23486
46.0,45.328255
59.0,83.93526
78.0,53.204563
98.0,85.5702
312.0,498.8174
68.0,83.88423
148.0,294.58383
117.0,306.1099
261.0,456.69226
56.0,73.48263
85.0,100.81805
676.0,706.0364
77.0,126.79996
369.0,405.6614
134.0,126.265495
50.0,52.61538
56.0,83.61499
615.0,746.05676
113.0,123.95912
638.0,548.493
73.0,48.316704
54.0,37.701946
60.0,47.718086
73.0,72.774635
63.0,49.410904
61.0,49.8923
59.0,77.20141
319.0,414.40884
41.0,80.63635
246.0,211.4384
66.0,105.7326
183.0,161.01544
40.0,68.954056
44.0,62.10308
623.0,672.24146
105.0,128.95335
372.0,448.01382
89.0,104.613754
44.0,60.947113
395.0,714.47986
134.0,114.99551
334.0,414.06082
60.0,63.46581
47.0,46.57498
58.0,79.9658
274.0,365.52994
62.0,78.78667
136.0,213.95982
39.0,65.11751
85.0,74.68864
49.0,64.7956
109.0,82.350494
767.0,695.08875
57.0,114.07008
405.0,445.47968
160.0,128.17787
62.0,49.830948
43.0,77.94427
620.0,663.2379
86.0,117.27406
548.0,433.55338
42.0,39.04751
44.0,46.05151
65.0,59.39243
49.0,48.911007
52.0,40.355854
63.0,70.3566
201.0,244.69292
51.0,87.39356
268.0,221.50296
51.0,51.44391
554.0,489.7132
116.0,138.59839
511.0,497.9004
58.0,92.442604
68.0,53.87354
40.0,64.24138
520.0,550.10583
126.0,120.92098
470.0,436.1513
50.0,47.45856
56.0,63.92403
65.0,48.076496
58.0,40.592598
87.0,81.41365
256.0,251.62773
118.0,83.58995
194.0,213.78558
66.0,48.651623
45.0,58.039597
45.0,58.073456
62.0,62.32073
411.0,423.3194
85.0,136.58485
405.0,577.02637
95.0,95.478745
89.0,54.827484
56.0,72.013054
450.0,534.2827
96.0,154.84543
449.0,502.97855
59.0,44.452026
40.0,38.826107
54.0,44.841377
62.0,66.31669
62.0,47.58745
56.0,55.46128
65.0,82.67047
315.0,385.80316
80.0,74.7767
159.0,216.63673
42.0,60.734962
67.0,38.422676
130.0,88.26101
82.0,64.475174
40.0,41.196804
665.0,618.181
147.0,109.352905
374.0,427.09164
52.0,103.70452
52.0,54.81808
58.0,59.378918
806.0,733.398
125.0,117.30201
502.0,417.00143
44.0,47.443764
46.0,70.45454
52.0,50.467175
42.0,40.038605
50.0,81.75139
389.0,357.72775
74.0,74.13543
226.0,218.22704
81.0,54.29912
41.0,39.844032
123.0,91.411095
65.0,67.62823
379.0,566.3745
65.0,125.91253
486.0,407.9243
44.0,129.55278
565.0,729.96155
131.0,120.544975
309.0,361.74808
45.0,46.24264
50.0,38.6019
46.0,49.61418
65.0,68.87683
69.0,38.44907
40.0,39.53583
56.0,79.4525
360.0,368.44592
98.0,73.976715
218.0,191.3648
48.0,72.18216
131.0,110.822235
67.0,63.9914
50.0,41.116905
598.0,554.5073
121.0,111.09037
410.0,436.42932
159.0,110.33434
50.0,53.553467
81.0,64.60372
747.0,698.76556
63.0,105.59814
384.0,409.93976
86.0,68.85624
41.0,45.80534
46.0,67.93259
358.0,357.19067
226.0,221.3079
223.0,162.21289
85.0,65.00686
435.0,333.89636
46.0,64.96979
40.0,41.55966
69.0,67.93863
384.0,689.35913
55.0,113.354744
334.0,468.3736
68.0,99.65427
67.0,87.50973
622.0,806.57025
86.0,127.50968
443.0,385.11557
45.0,38.16541
67.0,46.96782
60.0,69.16861
40.0,44.889854
45.0,72.01804
254.0,262.58414
58.0,72.30176
222.0,201.85046
136.0,154.28452
58.0,49.92911
155.0,141.87733
38.0,40.673603
43.0,83.986694
455.0,605.5647
121.0,116.23937
508.0,513.4834
87.0,195.83737
54.0,96.37987
558.0,666.3866
65.0,107.73743
396.0,371.61444
64.0,42.831093
42.0,47.20059
39.0,63.0733
55.0,47.984356
58.0,78.6668
315.0,299.76712
55.0,80.74202
210.0,240.35138
92.0,58.462677
75.0,61.433205
45.0,61.487793
40.0,58.53756
382.0,518.1798
216.0,167.26933
429.0,692.6017
94.0,95.45235
62.0,51.50015
50.0,59.620304
425.0,457.48624
131.0,145.22636
570.0,508.1239
44.0,42.13566
45.0,49.195293
52.0,63.468285
43.0,51.104824
63.0,43.585205
60.0,77.44873
177.0,232.5661
42.0,81.511734
206.0,230.9637
60.0,48.075
63.0,50.96216
77.0,58.484146
100.0,65.22998
498.0,443.72742
148.0,153.08493
630.0,564.75977
53.0,92.956215
46.0,52.74287
397.0,517.2494
216.0,148.06714
702.0,582.2335
59.0,39.572205
73.0,47.007965
48.0,46.093716
66.0,50.7942
98.0,78.48302
295.0,363.72427
81.0,74.92958
202.0,228.29256
112.0,56.118233
46.0,38.880753
43.0,81.49796
63.0,68.08786
40.0,64.591835
780.0,563.4106
114.0,111.68691
400.0,501.59222
138.0,102.807655
42.0,49.975895
49.0,61.696644
1116.0,781.1204
62.0,124.5939
476.0,432.08157
41.0,48.878582
42.0,46.999493
117.0,71.21429
44.0,39.24509
36.0,46.665607
53.0,52.512104
91.0,74.96006
341.0,400.19046
42.0,70.42733
254.0,219.82584
52.0,38.444145
93.0,75.93123
62.0,68.86504
80.0,79.005325
631.0,617.4425
130.0,112.484
440.0,442.42557
155.0,99.532
50.0,48.80606
784.0,722.286
120.0,110.926506
494.0,398.96063
43.0,47.381767
63.0,77.19139
43.0,49.812954
41.0,77.56175
430.0,360.2054
77.0,72.334816
137.0,209.45221
36.0,53.042374
102.0,56.821976
63.0,70.75229
41.0,46.883797
49.0,61.9018
483.0,613.9158
116.0,103.41607
482.0,478.19028
116.0,105.9248
44.0,62.524506
742.0,737.34204
66.0,110.79449
273.0,391.2048
58.0,44.37169
62.0,65.73898
55.0,47.914085
53.0,47.80274
71.0,74.04959
238.0,268.45306
68.0,79.540436
231.0,237.91525
68.0,56.33656
90.0,60.881268
66.0,78.27615
50.0,45.44999
47.0,74.64195
728.0,613.2957
55.0,116.55192
453.0,407.91245
71.0,110.97435
64.0,51.35332
39.0,62.970264
668.0,707.0407
123.0,111.60372
483.0,403.47552
48.0,48.22977
48.0,69.35172
43.0,39.438103
86.0,72.16394
297.0,294.27332
59.0,74.28891
113.0,212.18997
43.0,50.70855
46.0,95.015816
48.0,42.203533
63.0,69.00741
606.0,563.2724
152.0,115.83908
327.0,453.01407
110.0,130.68758
49.0,76.03632
846.0,742.16876
70.0,114.317924
482.0,362.24152
58.0,48.74434
48.0,38.25314
67.0,46.280617
56.0,68.86721
54.0,51.553288
44.0,70.78128
211.0,267.3837
70.0,96.386604
199.0,238.80379
48.0,51.106186
44.0,71.69045
52.0,43.99229
46.0,64.53444
414.0,434.9357
114.0,138.58896
648.0,547.7413
124.0,91.21356
64.0,50.986732
94.0,71.19075
564.0,550.7782
222.0,142.45451
418.0,495.24176
46.0,43.89828
47.0,39.188675
63.0,51.33895
50.0,58.214024
45.0,41.183456
81.0,46.778564
45.0,41.35367
58.0,56.050274
218.0,243.40388
66.0,81.90437
208.0,227.47243
39.0,62.179153
49.0,64.40522
483.0,418.21713
125.0,143.67303
829.0,596.5196
128.0,89.95771
44.0,66.56444
452.0,508.75046
80.0,164.85957
739.0,549.153
45.0,40.69239
98.0,72.66252
65.0,48.12782
62.0,49.2215
328.0,384.97375
73.0,71.688644
152.0,198.62262
54.0,51.466866
47.0,49.300697
68.0,73.32976
43.0,70.69447
495.0,674.8183
75.0,120.78711
448.0,447.9049
114.0,105.41445
50.0,50.60773
38.0,62.310192
686.0,788.0985
133.0,115.58413
590.0,422.98685
52.0,51.946533
54.0,46.31751
73.0,72.93917
55.0,45.555428
47.0,62.40051
491.0,370.31387
251.0,228.55994
41.0,46.88331
104.0,74.927895
48.0,71.33944
625.0,597.9483
139.0,123.8104
270.0,408.314
101.0,102.29315
783.0,722.0271
170.0,111.04509
624.0,384.00366
57.0,77.86084
46.0,50.152214
136.0,80.93628
331.0,370.63672
51.0,85.97816
317.0,226.19365
391.0,382.45767
71.0,118.40917
442.0,420.4153
63.0,71.65905
62.0,41.577873
62.0,65.874725
654.0,665.491
128.0,120.684074
438.0,414.64822
115.0,101.506165
45.0,47.51295
907.0,714.1536
70.0,120.226425
504.0,381.97653
60.0,50.693165
38.0,38.3642
42.0,36.543118
43.0,45.946655
42.0,45.690228
103.0,69.96771
392.0,349.02478
118.0,80.65997
253.0,214.83435
673.0,600.7124
179.0,151.4546
1380.0,987.8511
63.0,73.32371
44.0,69.552055
645.0,621.6954
118.0,128.1654
562.0,477.02365
67.0,112.593445
47.0,57.666206
805.0,734.90234
85.0,114.211624
630.0,398.72095
167.0,70.23504
40.0,53.88907
74.0,82.01296
44.0,39.213703
60.0,46.68993
42.0,49.378098
67.0,71.25398
281.0,301.6845
66.0,79.9764
135.0,236.39737
426.0,326.22656
111.0,97.960266
748.0,370.76376
44.0,73.88935
50.0,68.115234
499.0,538.1151
77.0,153.41364
511.0,443.85745
131.0,108.45821
48.0,47.718197
46.0,61.7277
837.0,665.4644
148.0,116.27936
435.0,417.712
57.0,58.181423
42.0,66.17962
61.0,48.596806
43.0,40.21912
52.0,67.10902
277.0,252.47502
40.0,85.16349
198.0,219.97646
56.0,93.24946
59.0,52.11183
325.0,109.514046
39.0,62.89837
589.0,511.3749
160.0,158.77283
658.0,573.50323
61.0,89.37066
81.0,60.57882
774.0,550.8942
262.0,164.6701
667.0,418.68497
41.0,51.508595
56.0,66.029434
69.0,46.05903
43.0,41.282738
106.0,96.48196
250.0,265.8243
72.0,86.044174
372.0,231.15273
117.0,70.86982
51.0,47.4092
197.0,101.50243
50.0,60.582478
84.0,68.94237
514.0,415.3709
160.0,176.00533
532.0,568.9646
88.0,80.91319
49.0,51.253708
47.0,64.10919
707.0,577.8445
164.0,169.5282
575.0,384.27142
46.0,46.154305
63.0,59.721634
52.0,73.4802
57.0,48.16075
66.0,83.73295
346.0,355.56342
90.0,81.390945
260.0,263.76996
163.0,80.308525
54.0,48.687912
108.0,90.24562
69.0,69.77725
83.0,65.14921
558.0,601.6577
117.0,143.64586
547.0,464.83176
101.0,94.2076
57.0,60.27881
859.0,832.1219
106.0,118.98658
435.0,340.32956
51.0,49.798023
74.0,74.06369
41.0,38.67792
38.0,44.294937
41.0,41.064217
82.0,78.14793
347.0,382.7073
54.0,74.61841
197.0,222.70139
142.0,76.15997
96.0,77.74693
72.0,71.348885
538.0,727.7128
63.0,170.48749
628.0,458.86765
190.0,112.4923
48.0,47.43139
87.0,60.958378
838.0,784.7188
119.0,117.39971
335.0,418.73236
43.0,47.93118
48.0,39.53014
59.0,73.57753
56.0,47.217396
62.0,66.658615
300.0,346.9797
75.0,79.26419
268.0,228.32161
73.0,63.082775
48.0,39.34206
46.0,69.76938
63.0,84.38514
70.0,97.87338
682.0,591.6019
152.0,163.05128
523.0,463.09906
71.0,101.654236
41.0,44.93407
51.0,73.076416
663.0,777.18396
109.0,109.68934
363.0,394.53152
103.0,75.22407
51.0,45.942173
56.0,49.373222
64.0,78.91762
290.0,375.54535
97.0,78.76035
262.0,219.67628
77.0,77.22778
40.0,41.541615
59.0,83.66351
76.0,70.04256
56.0,108.21401
538.0,621.1572
175.0,163.2989
355.0,546.2537
70.0,120.446655
54.0,44.768482
736.0,708.7004
120.0,127.98181
507.0,425.15897
53.0,69.5743
57.0,49.719536
64.0,49.318195
59.0,78.10496
241.0,262.16275
108.0,84.89427
305.0,239.15889
80.0,65.8514
67.0,63.08444
74.0,62.378937
52.0,58.9893
400.0,638.7554
119.0,133.86862
567.0,515.08264
50.0,135.4244
51.0,49.44332
43.0,55.788506
775.0,808.71686
88.0,123.199066
547.0,437.75632
43.0,40.58785
51.0,68.62612
65.0,41.855297
67.0,51.80596
46.0,44.165077
200.0,196.70145
313.0,289.93158
124.0,97.16246
264.0,293.24823
91.0,139.3411
130.0,100.15207
876.0,810.25385
50.0,73.51887
103.0,94.21992
511.0,448.2964
118.0,172.09915
615.0,589.2026
86.0,96.28355
67.0,48.16201
38.0,51.82316
435.0,575.06555
145.0,156.88272
718.0,550.2926
40.0,43.75523
41.0,41.348934
44.0,51.239666
75.0,42.594376
40.0,45.93516
156.0,179.36957
218.0,233.29068
138.0,91.839516
266.0,279.8604
116.0,128.7125
93.0,84.580185
553.0,438.6193
42.0,40.75495
76.0,85.723045
357.0,515.085
111.0,150.49336
743.0,587.7831
84.0,83.91804
49.0,49.76862
65.0,58.13521
422.0,545.34045
151.0,168.62877
628.0,491.2189
44.0,41.288578
68.0,61.66539
64.0,64.8917
41.0,40.327362
76.0,128.37482
235.0,293.52643
89.0,106.06746
268.0,253.00276
161.0,93.85168
47.0,47.201042
126.0,109.487816
66.0,44.79063
551.0,638.22314
208.0,180.04
590.0,611.0923
130.0,103.14339
40.0,52.455467
75.0,54.83622
698.0,714.3379
127.0,199.08066
596.0,476.18903
67.0,63.635254
67.0,82.79755
64.0,44.01468
43.0,63.288597
320.0,393.58206
37.0,84.42035
307.0,268.49277
142.0,102.77856
82.0,84.20109
68.0,67.82832
420.0,574.55774
99.0,136.44305
545.0,421.0879
125.0,100.20172
40.0,58.743294
688.0,745.7552
59.0,123.3595
451.0,423.8373
65.0,49.04393
68.0,48.79425
81.0,73.07466
37.0,46.260586
47.0,40.53309
44.0,63.14577
347.0,373.18588
87.0,92.300026
234.0,228.64157
43.0,66.17173
64.0,40.814266
150.0,95.57814
76.0,74.053085
49.0,63.347263
669.0,509.94647
76.0,119.1402
431.0,417.82062
138.0,108.31825
46.0,46.702576
57.0,50.516502
714.0,744.8376
109.0,114.55496
460.0,454.62247
46.0,37.969654
66.0,49.30771
52.0,65.05356
54.0,40.01655
39.0,52.05098
427.0,305.45807
77.0,76.926
203.0,215.46529
83.0,62.63164
33.0,38.4174
48.0,64.28656
88.0,74.21576
59.0,62.076725
542.0,527.486
74.0,119.02363
503.0,510.5552
110.0,102.529724
45.0,66.85274
878.0,780.46326
108.0,125.73884
369.0,373.72845
60.0,45.334557
46.0,44.922115
76.0,67.99718
28.0,38.97443
29.0,52.17693
349.0,317.8164
52.0,81.94461
119.0,216.69844
183.0,215.40045
54.0,73.53212
264.0,302.3568
43.0,66.46062
36.0,59.824135
623.0,531.4476
117.0,126.429245
248.0,410.69003
95.0,92.05722
49.0,50.602966
961.0,827.5043
85.0,120.54689
437.0,365.2898
46.0,45.404568
27.0,47.359283
42.0,36.562477
67.0,40.55474
72.0,62.891113
170.0,285.8589
71.0,103.717445
263.0,242.65376
130.0,102.37954
352.0,221.81812
37.0,61.889595
525.0,412.23608
206.0,148.91748
627.0,498.7281
73.0,68.82297
39.0,48.446507
64.0,57.70373
553.0,479.96753
92.0,132.60245
504.0,392.3614
49.0,41.0403
61.0,51.90902
38.0,40.90986
42.0,35.813736
81.0,65.859856
300.0,220.43921
77.0,102.57693
227.0,256.14966
58.0,58.697014
90.0,79.84803
42.0,64.09732
67.0,66.58978
389.0,419.46445
161.0,159.40115
749.0,611.1485
63.0,72.234795
62.0,49.3218
57.0,57.88217
751.0,456.87985
115.0,163.31174
739.0,453.90646
41.0,41.730404
89.0,83.943985
313.0,354.728
80.0,84.201065
207.0,245.09196
115.0,117.44397
48.0,48.07282
161.0,131.3987
80.0,71.58869
42.0,43.08088
62.0,64.3855
670.0,539.7069
107.0,120.290924
438.0,400.50513
77.0,106.21574
40.0,47.84312
66.0,69.50011
851.0,801.1715
124.0,121.565445
533.0,472.93713
41.0,47.57364
83.0,80.31043
349.0,356.99786
73.0,83.15304
231.0,203.67279
89.0,68.2378
154.0,88.86821
53.0,66.76026
57.0,66.74409
385.0,630.5282
178.0,119.798325
503.0,421.8682
159.0,99.20117
46.0,48.379955
754.0,784.21893
78.0,106.64218
461.0,443.75128
41.0,44.02902
38.0,50.031853
65.0,89.35329
239.0,315.4527
73.0,81.46964
153.0,214.05898
162.0,131.70197
44.0,65.695984
164.0,148.07716
60.0,66.243546
38.0,47.19508
56.0,65.379585
544.0,566.502
94.0,116.56423
651.0,430.30582
80.0,109.686646
38.0,48.651638
58.0,64.28516
750.0,660.6649
109.0,108.80872
506.0,440.59302
45.0,52.15305
46.0,45.887157
44.0,46.712997
47.0,43.9726
45.0,43.990646
126.0,99.15791
266.0,294.03705
94.0,80.22353
100.0,192.08214
264.0,218.4234
58.0,79.12502
671.0,408.4418
38.0,72.07613
43.0,47.388317
65.0,68.31902
580.0,525.5316
88.0,112.10543
455.0,359.18652
73.0,93.50513
36.0,48.271126
77.0,57.560368
946.0,665.3177
60.0,101.84242
458.0,410.4991
41.0,52.38557
40.0,45.44219
62.0,47.578506
77.0,77.24745
365.0,341.0786
64.0,88.0766
212.0,231.05525
396.0,490.10538
61.0,114.52262
901.0,717.5231
96.0,66.782684
41.0,66.76305
469.0,438.40994
135.0,112.20671
411.0,368.34732
98.0,94.97597
667.0,744.16565
86.0,122.20592
629.0,475.98892
44.0,50.891106
40.0,43.101284
43.0,44.5864
63.0,82.189926
222.0,248.68558
101.0,94.8591
215.0,227.12689
122.0,117.826416
38.0,64.16885
205.0,180.29787
72.0,62.343956
39.0,62.37213
643.0,411.9485
147.0,159.72424
511.0,446.36655
84.0,92.76598
51.0,49.356327
48.0,60.35383
757.0,453.59418
57.0,165.70062
366.0,471.32434
46.0,45.240738
45.0,46.32384
89.0,88.69184
229.0,258.83548
78.0,96.31568
169.0,231.50896
64.0,80.29684
139.0,85.153435
49.0,63.857998
58.0,62.10165
293.0,392.58633
81.0,159.99588
616.0,518.6397
61.0,72.99989
59.0,48.65006
65.0,60.707226
441.0,555.11304
157.0,144.50139
485.0,424.37955
43.0,49.402824
40.0,42.825752
56.0,59.353012
343.0,343.9495
77.0,87.30988
170.0,187.42693
65.0,76.953674
81.0,67.605675
37.0,71.00597
55.0,62.302284
430.0,514.3005
77.0,101.25234
396.0,390.53156
55.0,95.37471
46.0,60.43164
657.0,794.7922
130.0,122.887535
366.0,454.34656
40.0,59.896503
44.0,47.573505
47.0,60.1102
384.0,389.02237
68.0,94.09654
230.0,199.15138
364.0,331.3052
55.0,91.95745
441.0,410.081
41.0,66.35918
51.0,45.825916
53.0,77.0127
803.0,473.7228
124.0,120.49819
428.0,394.03085
107.0,90.1065
41.0,69.29989
573.0,784.9977
180.0,111.24281
495.0,429.83856
41.0,46.229794
45.0,49.720726
53.0,48.2869
42.0,67.94574
376.0,338.87045
102.0,88.53111
199.0,230.33072
167.0,198.65343
63.0,65.46702
133.0,150.27129
56.0,79.47574
57.0,67.427055
571.0,536.79004
107.0,117.18284
475.0,420.17288
110.0,95.57212
1008.0,656.5564
132.0,108.14207
436.0,417.57373
39.0,51.375946
56.0,49.1599
58.0,58.978283
374.0,344.3495
68.0,83.20925
318.0,207.67557
146.0,130.84985
127.0,142.62337
54.0,64.16023
60.0,65.050446
587.0,585.2505
47.0,131.77078
364.0,392.6628
98.0,95.90726
736.0,770.4854
128.0,113.15451
287.0,475.4772
45.0,51.172188
49.0,45.731815
36.0,48.637592
73.0,63.08606
408.0,327.474
72.0,82.453964
227.0,178.65337
133.0,110.33026
57.0,56.67157
214.0,137.88239
106.0,66.37952
64.0,76.044334
402.0,569.869
146.0,114.805244
365.0,408.43036
118.0,98.39031
57.0,49.770824
63.0,65.25541
608.0,721.77936
103.0,119.5338
447.0,436.79373
60.0,62.427685
257.0,252.81697
72.0,123.17777
172.0,241.06566
101.0,62.736324
40.0,46.791416
60.0,81.12567
41.0,67.713264
68.0,62.22111
490.0,443.2782
162.0,137.8642
440.0,496.73297
69.0,70.64487
82.0,61.165966
470.0,559.7276
111.0,121.64537
585.0,454.05798
50.0,45.691498
49.0,50.894165
39.0,37.641296
47.0,61.881073
162.0,229.19539
82.0,104.43441
194.0,233.81885
50.0,45.883835
111.0,64.896545
74.0,59.901
270.0,364.1588
98.0,155.1288
550.0,521.3783
74.0,66.20238
56.0,59.888714
462.0,372.46313
148.0,177.41518
525.0,636.2413
73.0,53.449867
296.0,330.6643
52.0,79.976585
246.0,212.79597
49.0,66.348495
41.0,37.9611
70.0,75.70652
76.0,64.124435
41.0,60.81617
543.0,526.53766
293.0,275.65143
38.0,94.84996
40.0,62.303837
905.0,742.5581
83.0,118.53478
347.0,403.34378
44.0,50.841293
49.0,37.702465
53.0,69.753105
322.0,332.37604
39.0,80.1
336.0,206.94113
55.0,71.93206
40.0,45.021618
118.0,95.29707
82.0,66.854706
58.0,65.35788
396.0,622.6851
71.0,109.54342
452.0,373.25732
72.0,99.295876
37.0,48.577953
73.0,63.70983
642.0,774.7447
110.0,116.95807
462.0,481.1041
107.0,60.42081
330.0,344.10468
50.0,81.06302
238.0,221.78746
92.0,62.632683
62.0,73.504234
64.0,63.811825
57.0,59.60773
495.0,485.43683
92.0,97.654816
358.0,372.883
208.0,100.482834
601.0,744.8307
140.0,110.443855
426.0,438.43585
45.0,50.303036
47.0,50.86829
43.0,44.62569
55.0,58.41231
299.0,325.30573
57.0,83.49276
167.0,173.96304
38.0,59.17944
93.0,64.930046
40.0,61.17867
46.0,59.21334
565.0,462.30835
69.0,106.883675
346.0,381.2396
67.0,83.821686
46.0,48.57838
62.0,63.253063
621.0,655.7517
123.0,102.40026
512.0,410.39618
64.0,54.07535
47.0,44.499317
55.0,44.157967
45.0,47.27382
49.0,37.61308
67.0,60.85184
320.0,272.5974
101.0,93.22807
134.0,200.1094
61.0,54.691147
60.0,51.484795
40.0,61.64616
470.0,504.04272
121.0,112.71054
336.0,417.0229
87.0,92.427345
45.0,47.521782
594.0,588.025
137.0,96.7608
335.0,404.77365
68.0,50.630646
46.0,48.19931
48.0,45.236874
43.0,45.305656
56.0,58.110924
193.0,250.30528
56.0,102.25973
257.0,196.1912
45.0,48.506584
44.0,53.77644
56.0,65.11749
407.0,401.1812
83.0,115.6008
519.0,500.43372
121.0,81.90647
65.0,82.08257
605.0,476.93118
121.0,121.46409
409.0,458.02014
64.0,50.237488
44.0,51.23406
45.0,44.733646
47.0,67.100746
206.0,242.76192
97.0,119.091125
258.0,207.59874
44.0,46.96578
61.0,51.638546
48.0,45.702183
61.0,58.339188
339.0,387.51624
97.0,143.30365
481.0,590.39496
60.0,67.37439
47.0,52.1404
59.0,63.92574
428.0,552.6953
51.0,140.04279
610.0,466.09808
45.0,44.82063
57.0,56.716274
292.0,360.89044
65.0,82.68019
241.0,193.75356
59.0,69.107445
68.0,67.437256
90.0,63.132202
582.0,505.3317
105.0,96.40998
387.0,354.68167
92.0,80.883736
720.0,684.688
124.0,104.57241
353.0,493.75812
42.0,52.64981
56.0,46.922356
67.0,64.25079
389.0,353.9249
67.0,94.61646
119.0,226.10162
52.0,41.259933
54.0,54.575523
43.0,67.82365
91.0,63.40406
448.0,664.8505
103.0,113.774994
300.0,395.55466
98.0,106.275314
849.0,834.273
51.0,124.0055
420.0,509.3404
61.0,53.4639
53.0,47.59555
36.0,46.469143
70.0,63.27191
261.0,358.66937
58.0,88.925446
274.0,184.64143
83.0,52.675545
43.0,52.876453
186.0,70.99338
43.0,47.220325
58.0,63.643745
561.0,592.31995
165.0,108.19927
435.0,357.3416
113.0,97.48858
45.0,77.316986
482.0,707.4053
103.0,99.224236
411.0,395.35367
41.0,51.39368
46.0,45.007847
45.0,44.378017
64.0,61.005116
433.0,353.30283
96.0,83.30753
285.0,217.15596
58.0,55.61688
38.0,39.3378
70.0,71.96338
71.0,63.20266
54.0,64.0399
329.0,453.77686
90.0,98.01666
353.0,371.8941
60.0,102.008934
39.0,47.90875
53.0,58.978653
648.0,719.07855
61.0,108.76578
416.0,384.9754
59.0,51.52153
46.0,44.958298
82.0,71.43195
288.0,269.18958
52.0,81.106186
173.0,197.01631
85.0,51.21495
52.0,38.041145
47.0,63.60257
43.0,62.850327
73.0,65.644745
422.0,493.96387
86.0,96.69632
240.0,315.2957
104.0,95.58256
899.0,753.95325
214.0,103.16022
472.0,419.65875
47.0,44.92623
41.0,44.512707
60.0,84.099236
250.0,262.52612
54.0,119.82766
216.0,199.8073
44.0,51.214935
53.0,50.955975
58.0,61.36763
339.0,386.43686
123.0,99.00423
415.0,372.22937
90.0,79.28566
46.0,49.989174
406.0,632.1537
71.0,130.31697
337.0,437.74078
40.0,46.418594
50.0,46.69081
49.0,44.484806
40.0,46.590042
46.0,44.000942
106.0,84.483086
366.0,256.7809
104.0,100.60914
156.0,244.53305
43.0,51.33785
45.0,40.544456
75.0,59.17452
71.0,61.99155
476.0,384.45132
80.0,111.30102
539.0,522.631
61.0,72.07094
59.0,66.40646
481.0,479.26624
169.0,149.18701
530.0,495.62424
42.0,52.76695
48.0,43.897755
48.0,44.539265
55.0,83.1997
294.0,358.82098
61.0,89.05886
115.0,208.36241
57.0,62.741966
86.0,79.65878
95.0,61.092194
46.0,65.03149
278.0,532.29694
49.0,112.519615
366.0,284.48355
113.0,109.86871
46.0,48.716305
60.0,60.036976
896.0,770.96246
107.0,128.1752
320.0,461.8134
52.0,51.868996
42.0,43.89047
106.0,85.99092
374.0,335.61685
65.0,85.87301
244.0,172.32727
66.0,52.31695
59.0,45.740654
96.0,71.01078
63.0,71.539795
460.0,444.93973
85.0,95.555275
229.0,346.55948
72.0,107.23392
51.0,50.33689
1014.0,780.61487
159.0,104.807594
429.0,420.34656
45.0,51.444397
44.0,45.962082
47.0,61.20297
81.0,79.03663
381.0,348.66153
89.0,81.14341
201.0,203.10326
44.0,44.21383
96.0,65.921875
44.0,63.214024
517.0,454.67163
124.0,107.71088
270.0,298.1673
85.0,100.6506
82.0,62.79921
709.0,777.7619
147.0,113.812454
342.0,392.05475
50.0,43.01457
73.0,82.35107
316.0,308.7058
95.0,80.92188
276.0,216.58556
42.0,52.745567
43.0,50.888824
63.0,65.210335
48.0,70.11035
555.0,445.5838
86.0,103.75272
342.0,306.674
97.0,94.93625
42.0,59.10511
804.0,757.1025
105.0,103.09815
559.0,392.7137
57.0,45.854954
47.0,43.20936
51.0,44.880913
43.0,51.171482
41.0,44.863426
47.0,45.10809
62.0,81.330124
264.0,257.02725
120.0,83.70165
161.0,181.46033
56.0,49.659084
109.0,64.68706
43.0,46.00458
369.0,398.77786
59.0,112.45702
288.0,289.49106
59.0,79.590744
56.0,54.302547
540.0,731.29877
125.0,116.915016
494.0,381.08597
43.0,44.684273
92.0,85.76125
235.0,235.21898
84.0,96.122154
196.0,198.81166
61.0,59.504856
62.0,54.83916
291.0,297.78918
134.0,155.58069
398.0,377.4934
45.0,65.404366
44.0,45.91187
684.0,485.23462
144.0,154.0582
580.0,437.0371
59.0,50.774452
52.0,49.50731
82.0,73.057205
150.0,238.06711
97.0,107.332405
192.0,222.36917
53.0,46.507328
58.0,61.564377
346.0,384.80548
82.0,113.96146
334.0,365.83444
47.0,63.16454
66.0,53.81677
557.0,534.2467
159.0,140.29808
452.0,497.62418
63.0,50.75106
49.0,46.290653
76.0,79.59871
348.0,324.49048
110.0,91.61782
117.0,193.79854
54.0,46.793262
102.0,69.09046
539.0,480.63162
158.0,106.0969
335.0,308.23505
45.0,72.95061
71.0,52.016563
546.0,752.04565
81.0,118.31768
366.0,406.7744
40.0,54.357235
57.0,51.894768
58.0,78.49158
316.0,350.14395
51.0,86.896255
119.0,201.52951
41.0,44.76362
642.0,518.39795
109.0,100.09148
313.0,262.28128
56.0,71.09371
52.0,48.294796
43.0,50.985138
892.0,788.01416
89.0,109.425705
438.0,399.25516
117.0,55.301903
61.0,45.83171
66.0,50.39984
91.0,68.66811
313.0,345.88373
90.0,90.775055
197.0,198.74571
40.0,44.80459
55.0,64.801025
492.0,494.803
150.0,107.399796
160.0,239.93146
61.0,65.622375
822.0,809.9443
84.0,112.019554
408.0,505.21173
46.0,50.944756
40.0,46.977486
254.0,292.59998
66.0,88.652985
122.0,171.04095
100.0,110.8225
43.0,58.508762
218.0,208.15053
91.0,64.13781
379.0,373.14374
70.0,93.939
166.0,269.9788
62.0,75.774704
807.0,705.90717
106.0,110.40553
142.0,398.22534
45.0,52.02836
41.0,45.033226
60.0,72.30418
230.0,308.6357
71.0,83.651726
260.0,202.72678
395.0,324.0664
66.0,90.85252
305.0,343.59943
59.0,64.08115
395.0,405.97534
92.0,85.41192
284.0,290.49753
74.0,67.044334
769.0,756.9559
123.0,129.27147
285.0,353.56223
45.0,45.81348
77.0,74.7189
276.0,266.15002
118.0,86.98322
184.0,225.31952
168.0,95.61126
44.0,60.94372
59.0,59.096832
394.0,371.55557
144.0,113.33944
173.0,291.88223
41.0,54.132668
625.0,538.8871
139.0,134.28969
502.0,507.21915
47.0,50.88628
44.0,48.570087
42.0,46.780796
86.0,71.03464
266.0,270.6526
202.0,120.0233
357.0,197.83134
70.0,74.63847
80.0,68.34332
76.0,65.45853
434.0,302.3607
105.0,113.98427
370.0,353.92654
65.0,66.82526
574.0,606.24506
244.0,192.65265
445.0,517.5271
59.0,53.18797
40.0,53.29678
43.0,45.055416
97.0,77.98151
261.0,379.10648
128.0,86.94434
198.0,198.6235
93.0,74.601715
41.0,47.863148
60.0,78.661285
60.0,59.201736
412.0,544.47656
100.0,94.30155
263.0,331.20694
73.0,64.63694
43.0,47.259743
782.0,765.23346
138.0,124.915825
537.0,405.70517
67.0,57.068542
42.0,52.43669
77.0,45.04499
76.0,75.73593
489.0,348.80508
90.0,92.0046
187.0,221.60535
106.0,69.37081
82.0,76.29713
57.0,70.62147
463.0,450.63132
269.0,289.8658
63.0,70.26631
672.0,790.1416
88.0,141.39594
408.0,361.13104
50.0,54.735954
55.0,52.382946
48.0,40.28512
84.0,82.0274
501.0,336.78076
65.0,87.408356
195.0,196.27354
91.0,53.628998
58.0,58.91984
68.0,62.424488
56.0,57.62207
333.0,515.9014
66.0,87.90737
349.0,335.55417
91.0,72.23816
855.0,839.83966
158.0,137.2939
307.0,406.548
61.0,53.571857
54.0,50.992947
43.0,45.381275
70.0,80.665985
294.0,344.28656
80.0,103.20043
220.0,221.4681
223.0,120.70258
43.0,57.8003
137.0,202.42162
81.0,88.34107
82.0,61.637836
588.0,447.58224
119.0,81.88726
278.0,260.3549
84.0,67.064186
41.0,48.59465
39.0,50.88257
760.0,773.0554
94.0,133.88933
424.0,452.61212
50.0,54.865982
63.0,69.26203
230.0,353.9958
85.0,88.51357
201.0,230.18326
107.0,87.83033
145.0,49.737457
77.0,84.967896
93.0,79.10135
423.0,486.4315
85.0,87.64336
280.0,303.77136
39.0,69.43523
1023.0,747.4634
137.0,105.35959
272.0,350.61642
39.0,44.16161
78.0,78.42695
287.0,253.05147
90.0,113.11389
144.0,196.0209
36.0,64.100914
65.0,66.60266
48.0,70.49323
40.0,50.26187
84.0,74.15885
376.0,366.08008
123.0,109.03701
191.0,287.78677
77.0,64.18288
51.0,48.413532
460.0,575.8423
117.0,133.61716
482.0,500.22037
42.0,58.672386
81.0,86.39444
261.0,287.36517
80.0,115.20723
163.0,229.99432
49.0,86.0023
84.0,50.46799
58.0,73.26079
47.0,66.09155
50.0,62.226414
342.0,386.17975
94.0,104.24421
325.0,344.77222
636.0,677.31665
270.0,212.85652
391.0,612.492
46.0,50.70206
66.0,46.810658
60.0,58.915573
61.0,40.726498
113.0,80.17873
382.0,383.65384
73.0,83.10301
277.0,207.29294
213.0,135.92029
47.0,68.77319
628.0,302.43884
53.0,81.889694
625.0,535.42914
108.0,107.35079
365.0,272.0885
51.0,68.76126
45.0,46.59921
804.0,797.6213
168.0,130.52266
497.0,415.20105
45.0,56.5889
67.0,49.407993
58.0,38.489384
50.0,69.85442
360.0,343.04965
62.0,82.624306
171.0,195.68277
326.0,145.97746
79.0,66.74578
328.0,219.26402
92.0,78.59303
743.0,598.2472
56.0,90.775406
264.0,283.6106
78.0,70.48807
875.0,848.14374
109.0,116.19078
282.0,383.67386
54.0,51.127663
60.0,54.38579
72.0,65.76905
332.0,294.18634
85.0,78.49359
87.0,184.27606
123.0,81.89398
39.0,49.431347
111.0,85.24729
119.0,78.65936
372.0,467.3159
111.0,90.854164
293.0,282.47824
67.0,91.51091
48.0,45.79304
848.0,691.391
155.0,110.318214
334.0,376.92422
42.0,50.05607
64.0,51.375393
43.0,48.240364
56.0,46.838768
43.0,44.352943
71.0,78.68834
243.0,334.3713
140.0,92.83908
329.0,235.28255
176.0,84.34083
46.0,52.878605
114.0,105.276245
77.0,76.457085
67.0,55.41513
565.0,444.70166
108.0,102.78667
258.0,289.93927
108.0,85.35196
43.0,57.977787
689.0,793.2526
123.0,106.47733
306.0,382.75058
62.0,50.33259
37.0,45.796993
44.0,45.583363
44.0,44.33859
60.0,85.24248
422.0,342.98932
54.0,82.128136
197.0,204.50371
119.0,86.98649
58.0,51.028553
72.0,78.75768
82.0,66.84311
43.0,56.706944
454.0,549.27905
105.0,103.22156
298.0,285.31992
141.0,99.126785
59.0,60.794888
928.0,727.9953
101.0,120.64531
393.0,359.4664
50.0,51.591698
143.0,77.34118
274.0,253.95102
78.0,96.1624
301.0,218.79628
60.0,62.58387
66.0,66.6566
42.0,47.867123
50.0,63.520947
354.0,408.6293
78.0,106.32174
350.0,373.3755
93.0,94.14747
46.0,59.00949
661.0,645.6069
87.0,135.0797
434.0,441.58313
52.0,49.356674
47.0,51.777794
56.0,82.67391
267.0,268.86707
106.0,121.21777
291.0,213.74564
70.0,68.133736
97.0,74.63582
71.0,64.822525
70.0,71.08186
432.0,455.75812
112.0,119.813126
570.0,439.2377
68.0,85.92215
57.0,65.27163
570.0,640.65845
247.0,156.92287
515.0,506.69812
65.0,51.48319
78.0,131.26085
406.0,350.8018
102.0,83.870804
168.0,185.49814
116.0,82.86362
135.0,80.04056
66.0,80.21021
48.0,59.429115
318.0,405.25775
64.0,82.02135
264.0,250.87575
99.0,104.63975
58.0,48.153275
65.0,60.2997
879.0,957.09485
133.0,124.17239
491.0,397.12616
57.0,49.983845
69.0,46.49262
49.0,51.873848
130.0,274.4123
502.0,403.8695
84.0,86.02764
185.0,228.87325
121.0,67.39481
39.0,45.20754
59.0,59.157936
77.0,81.603584
43.0,44.59859
504.0,480.83115
69.0,90.13229
455.0,321.34772
90.0,92.57299
47.0,57.223152
792.0,821.23706
205.0,121.39921
380.0,422.0699
43.0,55.523308
57.0,46.86993
127.0,166.23627
394.0,356.58337
69.0,92.96918
305.0,239.46536
435.0,397.16614
85.0,99.396736
827.0,651.4917
109.0,124.46669
83.0,94.32218
564.0,501.5159
55.0,88.37429
362.0,340.50806
101.0,96.71582
61.0,75.38986
825.0,816.4342
136.0,115.28667
472.0,425.46777
46.0,51.22161
123.0,138.00148
341.0,381.52982
131.0,83.847855
241.0,197.35371
381.0,423.6809
68.0,82.611176
261.0,307.92883
90.0,84.51628
54.0,68.93649
612.0,680.29663
110.0,105.46752
510.0,414.30554
66.0,85.133865
60.0,55.684036
833.0,767.043
86.0,123.04589
274.0,412.6997
46.0,53.086258
47.0,33.58443
77.0,78.39422
292.0,349.5553
38.0,84.60182
222.0,223.10123
107.0,129.88318
51.0,48.68887
71.0,103.721725
42.0,82.10818
38.0,44.338123
44.0,65.43484
670.0,711.58575
110.0,114.28381
260.0,398.71567
83.0,91.01521
690.0,857.2729
114.0,123.320885
305.0,388.24146
44.0,49.33642
59.0,48.33311
42.0,38.96511
57.0,79.839
216.0,322.64523
80.0,108.43761
132.0,210.0994
182.0,74.523964
45.0,46.191895
62.0,68.67687
66.0,71.30753
66.0,69.24087
672.0,579.3679
125.0,133.93466
434.0,497.4807
72.0,77.41759
63.0,48.956062
723.0,672.25415
168.0,170.52496
681.0,482.302
57.0,75.155205
307.0,324.16083
113.0,124.46079
140.0,276.67215
85.0,84.39567
48.0,46.576996
84.0,79.33723
55.0,66.83514
42.0,61.949623
394.0,486.5312
90.0,149.09653
343.0,487.12585
43.0,82.9611
51.0,48.65034
46.0,53.6067
467.0,732.0148
172.0,166.27156
528.0,492.5627
56.0,41.33901
48.0,38.783447
59.0,69.70382
435.0,390.50784
37.0,93.10096
130.0,221.86076
117.0,79.539314
67.0,68.23976
73.0,80.43636
37.0,43.441887
44.0,65.396866
463.0,666.95355
86.0,118.53802
294.0,465.0363
92.0,102.23383
59.0,46.851654
40.0,55.090816
776.0,769.2065
116.0,133.32523
353.0,515.20123
55.0,48.748547
50.0,48.22413
62.0,71.70674
514.0,442.69348
69.0,90.74658
208.0,223.89464
90.0,71.22018
41.0,57.892498
51.0,81.618225
80.0,71.00578
594.0,622.35156
118.0,109.05789
465.0,356.3174
64.0,97.702675
51.0,52.342907
902.0,811.72156
95.0,104.08584
446.0,404.41324
45.0,53.50159
37.0,49.462017
43.0,38.607883
102.0,75.45189
269.0,417.76456
131.0,85.7144
164.0,205.99713
94.0,74.484604
51.0,40.545063
62.0,64.48783
45.0,73.03373
57.0,57.25991
727.0,733.18054
137.0,101.55002
489.0,429.6472
70.0,94.76912
44.0,42.58799
39.0,56.188515
971.0,952.86707
59.0,124.73871
465.0,382.83463
43.0,38.452946
58.0,47.379482
46.0,38.107727
53.0,66.43022
371.0,300.93716
62.0,89.32022
144.0,206.0548
40.0,55.810303
44.0,44.5004
63.0,54.73272
42.0,72.53614
45.0,43.91427
56.0,63.679157
547.0,641.0928
142.0,115.96841
476.0,455.3309
114.0,95.92414
48.0,43.566242
52.0,54.663696
828.0,893.86523
136.0,117.51208
318.0,396.81522
69.0,58.677055
41.0,47.48095
76.0,74.33106
300.0,313.17194
131.0,93.59669
155.0,210.03494
179.0,151.73366
44.0,53.966263
110.0,153.5691
55.0,85.29685
51.0,60.685066
619.0,703.1202
158.0,122.39121
357.0,398.26547
70.0,88.59413
781.0,746.48773
135.0,120.63618
420.0,404.65292
61.0,49.689014
46.0,37.13366
53.0,36.28514
97.0,75.34354
271.0,309.4095
69.0,97.79606
250.0,241.42764
55.0,80.99813
68.0,42.9278
95.0,76.93252
41.0,54.71346
663.0,630.70013
234.0,133.31006
564.0,567.8841
90.0,83.217606
41.0,56.065296
733.0,729.1773
197.0,157.8373
419.0,534.8649
72.0,63.043808
233.0,285.9385
160.0,124.733604
190.0,306.37363
65.0,66.39952
62.0,62.54424
55.0,75.83624
62.0,59.90694
504.0,612.83276
139.0,179.82582
491.0,484.83948
67.0,77.91743
39.0,42.584526
42.0,52.849514
691.0,699.89026
147.0,153.20558
450.0,613.42883
40.0,51.38192
90.0,56.646534
47.0,37.948154
45.0,58.365093
417.0,389.45074
82.0,96.0471
213.0,240.44753
109.0,63.57091
48.0,56.015293
60.0,85.844696
53.0,60.097084
815.0,718.6606
181.0,121.055695
444.0,405.00128
82.0,76.850075
55.0,53.276333
1073.0,931.21014
167.0,119.33377
409.0,436.1157
47.0,54.85173
38.0,53.707027
440.0,422.11023
146.0,92.91982
174.0,227.02664
106.0,85.24012
56.0,45.897377
59.0,80.03721
70.0,72.496956
578.0,725.7942
80.0,112.55627
319.0,398.91855
71.0,94.92754
1047.0,926.8508
134.0,120.372345
379.0,410.71335
47.0,52.2355
47.0,38.277287
74.0,49.33882
49.0,52.782307
389.0,373.60724
67.0,87.51341
193.0,245.55167
117.0,252.99538
41.0,63.46009
239.0,257.92734
96.0,74.37482
60.0,71.77879
842.0,815.0371
76.0,111.67792
543.0,429.5335
60.0,76.73846
54.0,40.05774
803.0,700.131
75.0,117.07834
476.0,415.9127
42.0,45.61904
60.0,60.922188
277.0,241.96098
101.0,98.033295
219.0,225.63184
128.0,105.96253
76.0,65.712616
46.0,76.94711
106.0,70.49828
411.0,447.81586
150.0,128.80724
372.0,427.19202
60.0,66.69449
42.0,42.659946
117.0,62.812214
365.0,565.14557
110.0,157.8482
309.0,533.2701
46.0,38.840294
45.0,53.399246
46.0,51.12834
303.0,386.41766
85.0,110.6848
258.0,277.7662
376.0,375.28244
109.0,110.509415
438.0,423.07632
81.0,69.48164
43.0,39.490086
65.0,59.916855
728.0,565.5761
191.0,123.10068
663.0,522.8089
67.0,83.57744
107.0,56.253544
908.0,707.9986
125.0,143.06032
509.0,373.39267
42.0,52.643753
40.0,64.69999
40.0,36.412598
84.0,48.959377
354.0,281.12085
92.0,106.26438
237.0,216.64363
161.0,184.5145
68.0,70.83481
230.0,196.13481
88.0,68.17054
57.0,60.94527
613.0,639.2286
186.0,131.95982
472.0,565.06305
100.0,74.55381
82.0,52.876034
739.0,678.59674
154.0,145.23566
626.0,492.8899
36.0,42.589348
43.0,38.165375
45.0,54.375717
292.0,238.45023
129.0,101.51016
274.0,207.62694
80.0,86.03547
55.0,50.954643
112.0,84.34968
47.0,70.94245
49.0,59.836437
509.0,555.5304
253.0,136.19937
564.0,581.8021
44.0,72.47015
64.0,42.70746
60.0,56.43082
683.0,644.23676
188.0,157.44495
407.0,492.78305
43.0,38.278908
50.0,49.637115
43.0,46.574524
316.0,420.03702
44.0,93.79891
222.0,216.59338
348.0,457.3917
63.0,94.52597
624.0,461.25342
110.0,81.12351
59.0,65.9234
650.0,616.5294
163.0,122.391624
396.0,319.66995
80.0,90.57163
1037.0,934.87305
115.0,127.369446
474.0,419.93225
43.0,51.182198
56.0,53.083862
46.0,37.85147
59.0,46.35707
395.0,548.15466
112.0,95.34716
220.0,229.18721
358.0,329.7156
113.0,93.98198
592.0,404.1371
98.0,95.49478
67.0,68.972435
760.0,596.13983
69.0,101.520615
268.0,318.56238
891.0,1105.7181
120.0,134.71054
477.0,454.51163
36.0,49.768913
585.0,414.96295
114.0,83.7683
235.0,222.41632
87.0,124.78819
59.0,49.83243
83.0,99.8277
68.0,82.647766
61.0,53.88918
1002.0,641.8761
130.0,113.91433
695.0,378.7761
115.0,91.62904
45.0,50.426918
749.0,878.04767
102.0,102.5963
426.0,367.42593
46.0,53.977528
42.0,48.172443
43.0,40.802334
65.0,48.319893
409.0,376.94608
117.0,86.316956
174.0,173.91685
83.0,81.5004
40.0,45.13619
65.0,75.73025
68.0,75.2398
43.0,56.53482
465.0,504.83932
81.0,105.78919
304.0,355.80066
86.0,92.2426
63.0,51.62225
820.0,894.29285
140.0,112.29063
390.0,422.45337
59.0,52.36627
42.0,39.0123
62.0,36.881702
44.0,34.85912
48.0,52.30137
279.0,320.66702
67.0,86.55228
172.0,179.74782
107.0,68.18066
84.0,61.753902
65.0,69.74689
52.0,55.108006
575.0,550.71094
57.0,110.849
223.0,315.39957
49.0,107.1235
50.0,39.42864
912.0,763.50916
124.0,105.16084
395.0,396.92282
38.0,38.02777
48.0,45.875294
46.0,50.737705
134.0,274.23868
318.0,382.3714
77.0,142.31036
183.0,311.0609
74.0,59.629436
52.0,42.619637
82.0,63.13024
59.0,79.90319
45.0,56.910763
621.0,551.35724
112.0,135.72006
426.0,400.32175
94.0,114.95943
53.0,58.269512
621.0,995.7057
136.0,141.4473
580.0,785.8511
43.0,46.949654
56.0,55.098545
44.0,50.075703
50.0,47.7288
104.0,231.61676
272.0,303.63577
145.0,154.19228
325.0,325.185
58.0,59.182755
98.0,81.264626
40.0,66.65514
62.0,66.7859
516.0,491.83658
136.0,152.60698
399.0,451.3073
132.0,100.084366
44.0,55.055668
814.0,736.003
83.0,122.61239
686.0,722.5084
38.0,58.492184
46.0,46.14694
59.0,47.00935
110.0,120.89334
412.0,435.94693
62.0,81.81998
145.0,177.83255
309.0,320.02823
69.0,98.50732
469.0,608.70026
45.0,74.68576
48.0,54.75208
695.0,783.06476
81.0,106.56805
292.0,294.3223
115.0,96.05434
40.0,54.29302
834.0,931.84106
177.0,111.944084
288.0,453.73087
62.0,46.426674
43.0,46.204754
63.0,48.4847
112.0,122.26069
483.0,384.0888
187.0,228.6366
634.0,586.3071
120.0,125.15316
647.0,534.10675
41.0,77.405655
65.0,62.469772
815.0,822.6801
134.0,116.77276
462.0,330.77747
89.0,106.82788
59.0,48.56543
928.0,854.81885
83.0,111.03423
478.0,446.466
61.0,63.852345
39.0,43.115234
40.0,44.57972
39.0,43.848904
57.0,109.48177
456.0,394.45834
133.0,91.047325
264.0,213.80356
185.0,169.54912
59.0,63.826805
223.0,123.32753
40.0,65.37511
62.0,60.70997
636.0,634.38116
108.0,112.58646
387.0,428.26364
102.0,103.345726
736.0,864.32874
124.0,99.624916
428.0,398.7217
47.0,46.45689
46.0,44.162468
75.0,73.873245
500.0,332.73145
112.0,80.41443
176.0,160.85623
177.0,203.69963
52.0,70.33778
278.0,257.8407
61.0,66.92383
56.0,73.93106
650.0,689.73303
67.0,112.06488
408.0,407.08356
142.0,103.32702
38.0,44.160385
70.0,52.99464
944.0,842.4681
118.0,101.50334
435.0,420.60782
49.0,51.6902
45.0,52.45513
79.0,90.84526
444.0,366.7805
76.0,84.49711
137.0,181.89807
152.0,132.4407
84.0,58.04365
148.0,96.62441
73.0,64.50476
76.0,57.129574
728.0,680.7461
110.0,114.040115
528.0,480.89352
91.0,86.61034
40.0,41.374706
63.0,53.065
674.0,726.6718
154.0,95.70535
499.0,347.14462
52.0,50.698772
39.0,44.12349
77.0,91.622284
368.0,311.95956
111.0,117.44495
262.0,219.41252
83.0,82.31273
127.0,75.58346
62.0,69.311295
42.0,57.975185
602.0,556.8001
124.0,132.70102
566.0,734.4963
93.0,91.51299
50.0,44.981983
76.0,56.20376
538.0,508.13104
146.0,117.29897
370.0,448.5428
202.0,113.09531
307.0,285.97467
87.0,110.64556
311.0,245.04852
57.0,80.50671
42.0,47.95124
89.0,69.78987
90.0,65.3789
60.0,65.189995
948.0,562.96594
132.0,126.93965
572.0,735.9862
192.0,89.56522
44.0,61.562973
737.0,601.47424
149.0,137.19347
563.0,565.2509
54.0,50.361156
41.0,43.010555
44.0,87.36368
337.0,338.5348
43.0,83.02263
267.0,177.0794
93.0,77.37127
68.0,44.979485
68.0,79.680374
56.0,63.497654
86.0,53.073696
1036.0,712.962
120.0,172.06178
622.0,557.093
141.0,107.14208
1031.0,868.8175
117.0,104.0681
489.0,450.25543
73.0,51.52486
76.0,79.52407
302.0,392.1447
100.0,79.55289
353.0,217.59003
265.0,165.53745
51.0,74.86053
754.0,230.20534
41.0,71.25928
56.0,62.201893
729.0,711.91656
164.0,124.31472
694.0,556.73395
120.0,112.29862
46.0,53.67424
727.0,754.9334
50.0,101.45046
502.0,402.66507
72.0,52.886024
59.0,44.63628
44.0,44.167145
58.0,78.06313
260.0,374.66272
78.0,77.2936
318.0,228.24403
211.0,98.66337
170.0,91.6222
47.0,67.22148
92.0,65.79803
901.0,772.7765
123.0,124.53765
751.0,550.1265
161.0,115.7238
44.0,45.563557
714.0,705.8718
160.0,102.30483
387.0,421.08936
67.0,65.66112
53.0,46.234596
39.0,43.833984
65.0,104.379234
480.0,353.857
69.0,81.848305
225.0,220.75533
254.0,161.99156
98.0,67.22228
537.0,414.77628
64.0,62.704887
48.0,55.523865
1105.0,777.94464
192.0,180.67639
745.0,604.04016
151.0,105.8981
48.0,47.098988
57.0,54.641735
892.0,751.6775
117.0,102.01335
502.0,404.62497
60.0,54.138477
132.0,81.42514
51.0,44.697792
58.0,41.832962
30.0,44.36873
101.0,91.16429
379.0,293.8228
80.0,82.442055
159.0,198.68272
806.0,886.69257
125.0,227.89264
1464.0,1445.1744
34.0,65.40408
27.0,58.235737
1021.0,664.3329
209.0,170.33197
707.0,623.73413
112.0,93.83271
29.0,39.610954
52.0,50.961742
585.0,604.5507
123.0,95.53697
340.0,299.81412
29.0,51.223087
33.0,41.95844
56.0,58.005093
95.0,57.59336
29.0,45.13118
27.0,44.187485
47.0,44.542435
107.0,80.30602
308.0,213.59341
89.0,88.77248
152.0,216.59106
146.0,158.91576
145.0,78.53118
381.0,309.9722
68.0,62.65847
47.0,60.604836
749.0,633.77747
227.0,186.53746
887.0,798.1624
56.0,81.97443
42.0,43.327263
77.0,60.622845
590.0,403.26526
107.0,101.95806
340.0,417.63577
61.0,47.999035
29.0,44.564404
62.0,55.099606
100.0,72.857216
30.0,43.753227
59.0,41.163364
29.0,42.620697
76.0,92.35252
332.0,275.9192
142.0,107.515076
206.0,244.59184
88.0,117.66855
63.0,57.98665
195.0,141.97495
71.0,59.98849
61.0,56.835087
776.0,723.0883
329.0,289.2697
896.0,880.6813
87.0,93.68575
57.0,38.696716
60.0,54.816875
669.0,410.41376
135.0,117.740906
413.0,597.31335
54.0,48.048737
44.0,49.97422
47.0,58.767826
154.0,98.88068
42.0,48.1297
67.0,84.16061
442.0,396.49564
88.0,85.50428
233.0,171.25548
891.0,360.23013
233.0,100.69315
1263.0,475.9201
82.0,62.88136
1221.0,1103.8959
157.0,165.04805
674.0,709.3654
156.0,99.64427
57.0,50.720337
1022.0,755.9559
84.0,124.03801
348.0,352.92636
64.0,55.260746
58.0,56.913963
125.0,86.57252
60.0,47.281414
57.0,44.97888
68.0,107.74042
434.0,369.46484
67.0,83.051926
237.0,220.53598
305.0,197.34372
115.0,68.187675
463.0,273.5464
66.0,63.552944
53.0,59.671688
959.0,750.4778
245.0,157.86552
535.0,680.1997
80.0,134.00357
43.0,45.72934
42.0,46.96888
673.0,723.5902
128.0,116.35074
477.0,360.9505
62.0,56.339275
38.0,46.992474
67.0,78.49472
97.0,79.712845
316.0,390.48575
89.0,79.45404
139.0,186.33586
273.0,92.45399
64.0,49.612965
268.0,123.6815
46.0,45.83375
62.0,56.532516
760.0,756.83514
143.0,140.87032
735.0,679.0181
144.0,99.60672
40.0,52.675495
658.0,678.9107
76.0,111.083145
403.0,382.42316
77.0,53.407864
48.0,55.52751
49.0,93.31416
43.0,44.44565
74.0,112.74719
507.0,354.84933
74.0,80.69
214.0,184.48044
78.0,111.396416
96.0,56.447754
225.0,147.1108
62.0,66.71652
84.0,61.708904
764.0,816.1057
128.0,176.5229
654.0,664.1911
163.0,110.46014
61.0,45.507473
41.0,51.297173
714.0,596.9471
96.0,112.17991
378.0,392.2913
61.0,55.448257
144.0,80.36976
44.0,45.041466
49.0,78.06403
277.0,324.79456
66.0,81.3425
182.0,161.83626
210.0,118.79918
48.0,53.79082
132.0,138.29591
54.0,64.800964
43.0,43.670246
49.0,54.11345
799.0,706.35046
220.0,172.81795
663.0,628.03735
76.0,112.333115
49.0,38.45719
44.0,53.070133
804.0,511.68582
111.0,91.310196
377.0,350.0945
44.0,51.678265
42.0,45.81858
45.0,50.546516
46.0,43.955803
122.0,77.620674
265.0,218.09428
86.0,93.10416
202.0,243.33136
95.0,73.931335
86.0,74.194
67.0,45.044735
42.0,54.888622
701.0,663.83856
301.0,180.63527
940.0,831.5563
61.0,83.59813
44.0,50.5725
611.0,374.64795
163.0,124.88347
506.0,419.45297
39.0,47.213997
44.0,46.909695
47.0,57.837555
63.0,51.416313
44.0,46.872543
110.0,82.05304
192.0,197.24135
65.0,100.33417
225.0,206.85626
58.0,58.896343
141.0,80.5523
62.0,57.19805
45.0,44.98929
67.0,57.90956
625.0,536.63983
211.0,266.7851
795.0,713.31244
100.0,78.85767
40.0,49.453896
374.0,414.84634
176.0,114.9067
429.0,431.7732
38.0,56.871082
64.0,58.139275
40.0,45.38195
65.0,79.749954
327.0,196.73297
57.0,85.16264
316.0,191.27638
56.0,58.25114
97.0,76.73482
43.0,58.3493
769.0,756.0237
101.0,175.29358
703.0,741.45825
54.0,75.42046
43.0,51.87657
371.0,339.75705
82.0,94.522865
342.0,347.92636
38.0,46.730038
43.0,50.795433
44.0,46.131325
61.0,42.969826
130.0,83.5896
196.0,159.3603
92.0,80.19909
173.0,162.41153
60.0,49.006725
47.0,44.52354
156.0,79.72975
50.0,54.005436
489.0,433.48883
145.0,189.48235
460.0,688.18494
85.0,70.99876
315.0,285.3749
105.0,121.18173
344.0,346.55115
69.0,48.390457
47.0,52.641617
124.0,93.397835
42.0,46.347195
61.0,91.28561
363.0,345.2708
104.0,101.64036
146.0,202.57611
81.0,74.56504
90.0,75.72038
45.0,42.665962
60.0,57.423847
934.0,933.37384
208.0,224.44754
792.0,639.4787
74.0,92.09561
874.0,649.8735
147.0,119.99136
403.0,458.64252
61.0,53.901985
50.0,45.53269
112.0,90.02714
61.0,78.09105
325.0,383.38885
81.0,87.119804
364.0,223.86707
94.0,69.31762
44.0,44.430515
81.0,78.73704
59.0,68.359406
39.0,69.465904
1025.0,1162.7842
198.0,180.73097
744.0,907.3819
145.0,128.41072
43.0,44.824123
57.0,53.198803
877.0,955.2812
189.0,131.98451
528.0,564.2929
62.0,54.23827
48.0,61.176914
89.0,88.73016
38.0,42.80612
46.0,43.482174
68.0,79.75818
437.0,363.88434
182.0,100.101715
210.0,235.56021
89.0,76.24151
63.0,44.221527
115.0,77.76723
58.0,67.89223
59.0,60.786724
1143.0,941.2834
267.0,198.634
960.0,1057.0331
104.0,97.03611
41.0,46.644485
908.0,817.3184
237.0,150.43623
577.0,533.18677
64.0,56.8457
43.0,57.785572
59.0,67.85221
44.0,48.973335
70.0,77.985115
363.0,252.02824
204.0,108.55019
302.0,275.45706
42.0,50.29007
40.0,45.533882
89.0,66.25136
63.0,64.14743
51.0,67.6993
789.0,840.8363
220.0,250.08624
1059.0,971.3573
100.0,87.45878
47.0,40.5995
89.0,51.758793
843.0,612.9912
222.0,170.18071
485.0,645.1602
38.0,62.150192
63.0,70.684296
40.0,44.66523
44.0,46.270115
103.0,80.56946
301.0,284.08478
65.0,129.20535
350.0,271.9033
58.0,58.2847
107.0,82.403336
91.0,66.19605
58.0,47.451252
102.0,66.81917
1039.0,811.458
275.0,272.1439
1273.0,877.9492
64.0,85.05219
42.0,47.300583
658.0,629.26294
248.0,163.60406
546.0,652.71924
58.0,47.7288
46.0,64.60877
91.0,61.66549
44.0,41.282246
65.0,72.41783
292.0,289.80444
78.0,89.356384
248.0,194.0881
97.0,60.985905
68.0,44.630474
52.0,78.85136
41.0,63.253845
55.0,56.474113
297.0,264.70337
62.0,105.636
314.0,390.25174
91.0,78.04616
51.0,49.7725
698.0,814.00037
151.0,144.40508
714.0,547.2522
